{
  "recall@20": 0.2821145374449339,
  "ndcg@20": 0.12297082791321189,
  "n_eval_users": 11350
}