{
  "recall@20": 0.2836123348017621,
  "ndcg@20": 0.1242859386238281,
  "n_eval_users": 11350
}