{
  "recall@20": 0.2813215859030837,
  "ndcg@20": 0.12520522918430535,
  "n_eval_users": 11350
}