{
  "recall@20": 0.28555066079295155,
  "ndcg@20": 0.12831098267291746,
  "n_eval_users": 11350
}